﻿Designator,Footprint,Quantity,Value,LCSC Part #
"Audio1, Audio2",AUDIO-TH_PJ-603A_1,2,PJ-603A,C309273
"C1, C14, C15, C20, C8",0603,5,47n,
"C10, C25, C26, C27, C28",0603,5,100n,
C11,0603,1,4n7,
C12,CP_Elec_4x5.8,1,47u,
"C13, C18",CP_Elec_5x5.4,2,10u,
C16,0603,1,470p,
"C17, C19, C9",0603,3,100p,
C2,0805,1,1.5u,
"C21, C22, C24",0805,3,1u,
C23,0603,1,1n,
C29,0603,1,10n,
C3,0603,1,68n,
C4,CP_Elec_6.3x7.7,1,220u,
C5,0603,1,150n,
C6,0603,1,6n8,
C7,CP_Elec_6.3x5.8,1,47u,
D1,D_SOD-323,1,1N5819WS,
"D3, D4, D5, D6, D7, D8, D9",D_SOD-323,7,1N4148,
J2,BarrelJack_Horizontal,1,Barrel_Jack_MountingPin,
Q1,SOT-23-3,1,MMBFJ201,
Q2,SOT-23,1,MMBT3906,
Q3,SOT-23-3,1,2N3904,
Q5,SOT-23,1,MMBT3904,
"R1, R29",0603,2,68k,
"R10, R12, R18, R3, R30, R31, R34, R35, R38, R41, R42, R9",0603,12,10k,
R11,0603,1,82k,
"R13, R21, R7",0603,3,330R,
"R14, R23",0603,2,22k,
"R15, R17, R24, R37, R4",0603,5,100k,
"R16, R26, R33",0603,3,470k,
R19,0603,1,22R,
R2,0603,1,2M2,
R20,0603,1,150R,
R22,0603,1,47k,
"R25, R5",0603,2,3k3,
"R27, R36, R8",0603,3,1k,
R28,0603,1,120R,
R32,0603,1,220k,
R6,0603,1,1M,
RV3,Potentiometer_Alpha_RD901F-40-00D_Single_Vertical,1,250k Log A,
RV5,Potentiometer_Alpha_RD901F-40-00D_Single_Vertical,1,10kA,
SW1,3PDT_LED,1,~,
TP1,TestPoint_Pad_D1.5mm,1,TestPoint,
"U1, U2, U3",SOIC-8_3.9x4.9mm_P1.27mm,3,TL072,
